experiment,n_queries,base_caf,retention,unlearning_eff,embedding_caf,embedding_success,prompt_caf,prompt_success,steering_caf,steering_success
HP,100,0.11933333333333332,0.043,0.957,0.987,1.0,0.09,0.23,0.04466666666666665,0.17
TOFU_grad_diff,100,0.747,0.11466666666666665,0.8853333333333333,,,0.32,0.7,0.10966666666666665,0.47
TOFU_grad_ascent,100,0.7370000000000002,0.007666666666666667,0.9923333333333333,0.7563333333333333,1.0,0.01,0.01,0.008,0.02
TOFU_KL,100,0.7393333333333335,0.008666666666666666,0.9913333333333333,,,0.01,0.01,0.009333333333333332,0.01
TOFU_idk,100,0.7330000000000001,0.21433333333333335,0.7856666666666666,0.9083333333333334,1.0,0.5519999999999999,0.99,0.20999999999999996,0.96
