strategy,average_caf
direct,0.05399999999999999
hp_trivia,0.048
encyclopedia,0.046000000000000006
cot,0.046000000000000006
explain,0.044000000000000004
direct_short,0.042
expert,0.042
hypothetical,0.042
instruction,0.04
complete,0.04
hp_fan,0.04
wizarding_world,0.038
precise,0.034
confident,0.032
narrative,0.032
hp_icl,0.028000000000000008
hp_book,0.028000000000000008
icl_general,0.02
